File,Seed,Trails,Number of walks,Size of reference graph,Alphabet_size,Size of actual model(APTA),Correct merges,Incorrect merges,Size of learned model(sicco_EDSM),Total time spent in EDSM (seconds),Number of colors used (automata_size),Number of SAT solver calls,Number of variables in the last SAT call,Number of clauses in the last SAT call,SAT result,Total time spent in SAT solver (seconds),number of Positive traces,number of Negative traces,True Positive,True Negative,False Positive,False Negative,Precision,Recall,Specificity,F-measure,Accuracy,BCR,Structural Difference,ratioOfCorrectMerge,ratioOfRejected2CompletedMerges,DFASAT Statistics_2,Number of colors used (automata_size)_2,Number of SAT solver calls_2,Number of variables in the last SAT call_2,Number of clauses in the last SAT call_2,SAT result_2,Total time spent in SAT solver (seconds)_2,number of Positive traces_2,number of Negative traces_2,True Positive_2,True Negative_2,False Positive_2,False Negative_2,Precision_2,Recall_2,Specificity_2,F-measure_2,Accuracy_2,BCR_2,Structural Difference_2
openSSL_1_18,9292,1,18,6 states,20 symbols,153,15,6,76,0.1942,7,6,2940,40284,SAT,0.5747,112.0,112.0,112.0,67.0,45.0,0.0,0.71,1.0,0.6,0.8,0.8,0.8,0.5238095238095238,71.43,0.0,,7,6,2940,40284,SAT,0.4745,112,112,74,83,29,38,0.72,0.66,0.74,0.70,0.70,0.70,0.38095238095238093
openSSL_3_0,6240,3,0,6 states,20 symbols,153,15,6,76,0.1973,7,6,2940,40284,SAT,0.3684,112.0,112.0,45.0,82.0,30.0,67.0,0.6,0.4,0.73,0.5,0.6,0.6,0.3809523809523809,71.43,0.0,,7,6,2940,40284,SAT,0.3699,112,112,80,67,45,32,0.64,0.71,0.60,0.70,0.70,0.70,0.38095238095238093
openSSL_2_9,180,2,9,6 states,20 symbols,153,15,6,76,0.1958,7,6,2940,40284,SAT,0.3613,112.0,112.0,112.0,59.0,53.0,0.0,0.68,1.0,0.53,0.8,0.8,0.8,0.5301974448315911,71.43,0.0,,7,6,2940,40284,SAT,0.3748,112,112,69,68,44,43,0.61,0.62,0.61,0.60,0.60,0.60,0.38095238095238093
openSSL_6_37,9758,6,37,6 states,20 symbols,258,20,3,127,0.8537,8,7,4160,63972,SAT,1.8352,148.0,148.0,68.0,117.0,31.0,80.0,0.69,0.46,0.79,0.6,0.6,0.6,0.4200680272108843,86.96,0.0,,8,7,4160,63972,SAT,0.5893,148,148,93,98,50,55,0.65,0.63,0.66,0.60,0.60,0.60,0.4200680272108843
openSSL_3_18,6240,3,18,6 states,20 symbols,153,15,6,76,0.1963,7,6,2940,40284,SAT,0.3615,112.0,112.0,112.0,65.0,47.0,0.0,0.7,1.0,0.58,0.8,0.8,0.8,0.5301974448315911,71.43,0.0,,7,6,2940,40284,SAT,0.3691,112,112,80,67,45,32,0.64,0.71,0.60,0.70,0.70,0.70,0.38095238095238093
openSSL_7_0,312,7,0,6 states,20 symbols,153,15,6,76,0.197,7,6,2940,40284,SAT,0.419,112.0,112.0,48.0,86.0,26.0,64.0,0.65,0.43,0.77,0.5,0.6,0.6,0.4047619047619047,71.43,0.0,,7,6,2940,40284,SAT,0.3653,112,112,68,80,32,44,0.68,0.61,0.71,0.60,0.70,0.70,0.38095238095238093
openSSL_2_4,180,2,4,6 states,20 symbols,153,15,6,76,0.1957,7,6,2940,40284,SAT,0.3601,112.0,112.0,42.0,85.0,27.0,70.0,0.61,0.38,0.76,0.5,0.6,0.6,0.3809523809523809,71.43,0.0,,7,6,2940,40284,SAT,0.3675,112,112,69,68,44,43,0.61,0.62,0.61,0.60,0.60,0.60,0.38095238095238093
openSSL_8_0,7727,8,0,6 states,20 symbols,153,15,6,76,0.2056,7,6,2940,40284,SAT,0.3828,112.0,112.0,49.0,89.0,23.0,63.0,0.68,0.44,0.79,0.5,0.6,0.6,0.4047619047619047,71.43,0.0,,7,6,2940,40284,SAT,0.3657,112,112,70,70,42,42,0.62,0.62,0.62,0.60,0.60,0.60,0.38095238095238093
openSSL_0_2400,5878,0,2400,6 states,20 symbols,23256,11,0,10936,4877.7598,7,6,78960,1342504,SAT,10.0,9600.0,9600.0,2947.0,9254.0,346.0,6653.0,0.89,0.31,0.96,0.5,0.6,0.6,0.867595818815331,100.0,0.0,,,,,,,,,,,,,,,,,,,,
openSSL_4_0,6940,4,0,6 states,20 symbols,153,15,6,76,0.1964,7,6,2940,40284,SAT,0.3799,112.0,112.0,112.0,68.0,44.0,0.0,0.72,1.0,0.61,0.8,0.8,0.8,0.4523809523809524,71.43,0.0,,7,6,2940,40284,SAT,0.3671,112,112,77,74,38,35,0.67,0.69,0.66,0.70,0.70,0.70,0.38095238095238093
openSSL_8_75,7727,8,75,6 states,20 symbols,679,16,4,338,5.1181,9,8,7020,126412,SAT,2.2025,300.0,300.0,300.0,180.0,120.0,0.0,0.71,1.0,0.6,0.8,0.8,0.8,0.375,80.0,0.0,,9,8,7020,126412,SAT,2.4572,300,300,300,158,142,0,0.68,1.00,0.53,0.80,0.80,0.80,0.4791666666666667
openSSL_0_300,866,0,300,6 states,20 symbols,3075,10,0,1189,100.4226,6,5,8904,125019,SAT,1.1917,1200.0,1200.0,576.0,1115.0,85.0,624.0,0.87,0.48,0.93,0.6,0.7,0.7,0.680952380952381,100.0,0.0,,6,5,8904,125019,SAT,0.6937,1200,1200,597,1108,92,603,0.87,0.50,0.92,0.60,0.70,0.70,0.680952380952381
openSSL_3_75,6240,3,75,6 states,20 symbols,687,16,3,337,6.6614,9,8,7011,126051,SAT,1.9767,300.0,300.0,113.0,234.0,66.0,187.0,0.63,0.38,0.78,0.5,0.6,0.6,0.3958333333333333,84.21,0.0,,9,8,7011,126051,SAT,1.8359,300,300,300,150,150,0,0.67,1.00,0.50,0.80,0.80,0.80,0.22916666666666669
openSSL_5_2400,1890,5,2400,6 states,20 symbols,23199,11,0,6310,6324.3396,6,5,39630,575739,SAT,3.0648,9600.0,9600.0,2993.0,9422.0,178.0,6607.0,0.94,0.31,0.98,0.5,0.6,0.6,0.7857142857142857,100.0,0.0,,,,,,,,,,,,,,,,,,,,
openSSL_5_37,3796,5,37,6 states,20 symbols,256,13,6,126,0.4007,8,7,4152,63303,SAT,0.8732,148.0,148.0,148.0,90.0,58.0,0.0,0.72,1.0,0.61,0.8,0.8,0.8,0.3316326530612244,68.42,0.0,,8,7,4152,63303,SAT,0.6074,148,148,97,100,48,51,0.67,0.66,0.68,0.70,0.70,0.70,0.4017857142857143
openSSL_5_9,3796,5,9,6 states,20 symbols,153,15,6,76,0.1949,7,6,2940,40284,SAT,0.3819,112.0,112.0,57.0,95.0,17.0,55.0,0.77,0.51,0.85,0.6,0.7,0.7,0.4047619047619047,71.43,0.0,,7,6,2940,40284,SAT,0.3884,112,112,73,71,41,39,0.64,0.65,0.63,0.60,0.60,0.60,0.38095238095238093
openSSL_2_600,6118,2,600,6 states,20 symbols,6120,11,0,1790,770.7505,6,5,12510,177979,SAT,1.1745,2400.0,2400.0,1021.0,2272.0,128.0,1379.0,0.89,0.43,0.95,0.6,0.7,0.7,0.7333333333333334,100.0,0.0,,6,5,12510,177979,SAT,0.9795,2400,2400,1010,2260,140,1390,0.88,0.42,0.94,0.60,0.70,0.70,0.7333333333333334
openSSL_9_0,8768,9,0,6 states,20 symbols,153,15,6,76,0.1996,7,6,2940,40284,SAT,0.3561,112.0,112.0,112.0,64.0,48.0,0.0,0.7,1.0,0.57,0.8,0.8,0.8,0.5238095238095238,71.43,0.0,,7,6,2940,40284,SAT,0.3901,112,112,69,74,38,43,0.64,0.62,0.66,0.60,0.60,0.60,0.38095238095238093
openSSL_4_1200,3121,4,1200,6 states,20 symbols,11925,11,0,3288,1164.5736,6,5,21498,309803,SAT,4.5217,4800.0,4800.0,1726.0,4254.0,546.0,3074.0,0.76,0.36,0.89,0.5,0.6,0.6,0.7333333333333334,100.0,0.0,,,,,,,,,,,,,,,,,,,,
openSSL_8_600,8082,8,600,6 states,20 symbols,6021,11,0,1728,741.3609,6,5,12138,172523,SAT,2.2791,2400.0,2400.0,1015.0,2294.0,106.0,1385.0,0.91,0.42,0.96,0.6,0.7,0.7,0.7333333333333334,100.0,0.0,,6,5,12138,172523,SAT,0.8761,2400,2400,1026,2279,121,1374,0.89,0.43,0.95,0.60,0.70,0.70,0.7333333333333334
openSSL_9_600,8960,9,600,6 states,20 symbols,6111,11,0,1907,506.3581,6,5,13212,188275,SAT,0.988,2400.0,2400.0,1005.0,2332.0,68.0,1395.0,0.94,0.42,0.97,0.6,0.7,0.7,0.7857142857142857,100.0,0.0,,6,5,13212,188275,SAT,0.8912,2400,2400,1021,2318,82,1379,0.93,0.43,0.97,0.60,0.70,0.70,0.7857142857142857
openSSL_1_75,9292,1,75,6 states,20 symbols,695,24,6,336,13.7495,11,10,9636,202630,SAT,23.0158,300.0,300.0,111.0,278.0,22.0,189.0,0.83,0.37,0.93,0.5,0.6,0.6,0.4571428571428571,80.0,0.0,,11,10,9636,202630,SAT,20.7470,300,300,187,267,33,113,0.85,0.62,0.89,0.70,0.80,0.80,0.45714285714285713
openSSL_7_9,312,7,9,6 states,20 symbols,153,15,6,76,0.196,7,6,2940,40284,SAT,0.3583,112.0,112.0,112.0,63.0,49.0,0.0,0.7,1.0,0.56,0.8,0.8,0.8,0.5238095238095238,71.43,0.0,,7,6,2940,40284,SAT,0.4055,112,112,68,80,32,44,0.68,0.61,0.71,0.60,0.70,0.70,0.38095238095238093
openSSL_9_37,8768,9,37,6 states,20 symbols,255,16,7,125,0.6008,8,7,4144,63658,SAT,0.5266,148.0,148.0,54.0,128.0,20.0,94.0,0.73,0.36,0.86,0.5,0.6,0.6,0.2874149659863946,69.57,0.0,,8,7,4144,63658,SAT,0.5551,148,148,92,93,55,56,0.63,0.62,0.63,0.60,0.60,0.60,0.24319727891156462
openSSL_7_4,312,7,4,6 states,20 symbols,153,15,6,76,0.1971,7,6,2940,40284,SAT,0.389,112.0,112.0,112.0,63.0,49.0,0.0,0.7,1.0,0.56,0.8,0.8,0.8,0.5238095238095238,71.43,0.0,,7,6,2940,40284,SAT,0.5528,112,112,68,80,32,44,0.68,0.61,0.71,0.60,0.70,0.70,0.38095238095238093
openSSL_6_300,6237,6,300,6 states,20 symbols,3058,11,0,943,178.728,7,6,9009,143344,SAT,2.3206,1200.0,1200.0,595.0,1085.0,115.0,605.0,0.84,0.5,0.9,0.6,0.7,0.7,0.8571428571428571,100.0,0.0,,7,6,9009,143344,SAT,0.9618,1200,1200,1200,1200,0,0,1.00,1.00,1.00,1.00,1.00,1.00,0.9523809523809523
openSSL_9_9,8768,9,9,6 states,20 symbols,153,15,6,76,0.2001,7,6,2940,40284,SAT,0.3583,112.0,112.0,45.0,92.0,20.0,67.0,0.69,0.4,0.82,0.5,0.6,0.6,0.3855981416957026,71.43,0.0,,7,6,2940,40284,SAT,0.3731,112,112,69,74,38,43,0.64,0.62,0.66,0.60,0.60,0.60,0.38095238095238093
openSSL_0_18,5989,0,18,6 states,20 symbols,153,15,6,76,0.2004,7,6,2940,40284,SAT,0.3702,112.0,112.0,112.0,58.0,54.0,0.0,0.67,1.0,0.52,0.8,0.8,0.8,0.5301974448315911,71.43,0.0,,7,6,2940,40284,SAT,0.5169,112,112,68,67,45,44,0.60,0.61,0.60,0.60,0.60,0.60,0.38095238095238093
openSSL_1_4,9292,1,4,6 states,20 symbols,153,15,6,76,0.202,7,6,2940,40284,SAT,0.3827,112.0,112.0,49.0,91.0,21.0,63.0,0.7,0.44,0.81,0.5,0.6,0.6,0.4047619047619047,71.43,0.0,,7,6,2940,40284,SAT,0.4132,112,112,74,83,29,38,0.72,0.66,0.74,0.70,0.70,0.70,0.38095238095238093
openSSL_6_2400,8807,6,2400,6 states,20 symbols,23148,11,0,6434,5324.9115,7,6,47446,802264,SAT,8.4944,9600.0,9600.0,2942.0,8751.0,849.0,6658.0,0.78,0.31,0.91,0.4,0.6,0.6,0.8193960511033682,100.0,0.0,,,,,,,,,,,,,,,,,,,,
openSSL_0_4,5989,0,4,6 states,20 symbols,153,15,6,76,0.1988,7,6,2940,40284,SAT,0.3641,112.0,112.0,46.0,89.0,23.0,66.0,0.67,0.41,0.79,0.5,0.6,0.6,0.3809523809523809,71.43,0.0,,7,6,2940,40284,SAT,0.4023,112,112,68,67,45,44,0.60,0.61,0.60,0.60,0.60,0.60,0.38095238095238093
openSSL_6_150,9758,6,150,6 states,20 symbols,1508,10,0,681,10.6765,6,5,5856,80315,SAT,0.6166,600.0,600.0,224.0,558.0,42.0,376.0,0.84,0.37,0.93,0.5,0.7,0.7,0.7857142857142857,100.0,0.0,,6,5,5856,80315,SAT,0.6155,600,600,332,547,53,268,0.86,0.55,0.91,0.70,0.70,0.70,0.7857142857142857
openSSL_3_2400,2163,3,2400,6 states,20 symbols,23261,11,0,10745,5494.3012,6,5,66240,966019,SAT,5.9745,9600.0,9600.0,2947.0,9513.0,87.0,6653.0,0.97,0.31,0.99,0.5,0.6,0.6,0.838095238095238,100.0,0.0,,,,,,,,,,,,,,,,,,,,
openSSL_3_9,6240,3,9,6 states,20 symbols,153,15,6,76,0.1972,7,6,2940,40284,SAT,0.361,112.0,112.0,112.0,65.0,47.0,0.0,0.7,1.0,0.58,0.8,0.8,0.8,0.5238095238095238,71.43,0.0,,7,6,2940,40284,SAT,0.3856,112,112,80,67,45,32,0.64,0.71,0.60,0.70,0.70,0.70,0.38095238095238093
openSSL_8_1200,8312,8,1200,6 states,20 symbols,12004,11,0,3448,1328.6313,6,5,22458,323883,SAT,1.5559,4800.0,4800.0,1747.0,4645.0,155.0,3053.0,0.92,0.36,0.97,0.5,0.7,0.7,0.7595238095238095,100.0,0.0,,,,,,,,,,,,,,,,,,,,
openSSL_1_9,9292,1,9,6 states,20 symbols,153,15,6,76,0.2051,7,6,2940,40284,SAT,0.3542,112.0,112.0,49.0,91.0,21.0,63.0,0.7,0.44,0.81,0.5,0.6,0.6,0.3809523809523809,71.43,0.0,,7,6,2940,40284,SAT,0.3993,112,112,74,83,29,38,0.72,0.66,0.74,0.70,0.70,0.70,0.38095238095238093
openSSL_6_600,6237,6,600,6 states,20 symbols,6111,11,0,1878,882.6375,7,6,15554,255544,SAT,2.3124,2400.0,2400.0,2400.0,2344.0,56.0,0.0,0.98,1.0,0.98,1.0,1.0,1.0,0.9047619047619048,100.0,0.0,,7,6,15554,255544,SAT,1.6543,2400,2400,1039,2352,48,1361,0.96,0.43,0.98,0.60,0.70,0.70,0.8785714285714286
openSSL_6_4,9758,6,4,6 states,20 symbols,153,15,6,76,0.194,7,6,2940,40284,SAT,0.4048,112.0,112.0,112.0,59.0,53.0,0.0,0.68,1.0,0.53,0.8,0.8,0.8,0.4819976771196283,71.43,0.0,,7,6,2940,40284,SAT,0.3702,112,112,73,73,39,39,0.65,0.65,0.65,0.70,0.70,0.70,0.38095238095238093
openSSL_3_4,6240,3,4,6 states,20 symbols,153,15,6,76,0.1946,7,6,2940,40284,SAT,0.3581,112.0,112.0,112.0,65.0,47.0,0.0,0.7,1.0,0.58,0.8,0.8,0.8,0.5476190476190477,71.43,0.0,,7,6,2940,40284,SAT,0.7312,112,112,80,67,45,32,0.64,0.71,0.60,0.70,0.70,0.70,0.38095238095238093
openSSL_2_75,180,2,75,6 states,20 symbols,681,9,1,336,1.7359,6,5,3786,49955,SAT,0.3637,300.0,300.0,107.0,299.0,1.0,193.0,0.99,0.36,1.0,0.5,0.7,0.7,0.7595238095238095,90.0,0.0,,6,5,3786,49955,SAT,0.4226,300,300,183,293,7,117,0.96,0.61,0.98,0.70,0.80,0.80,0.7595238095238095
openSSL_1_37,9292,1,37,6 states,20 symbols,256,14,8,127,0.7667,9,8,5121,84747,SAT,1.5701,148.0,148.0,148.0,91.0,57.0,0.0,0.72,1.0,0.61,0.8,0.8,0.8,0.2751322751322751,63.64,0.0,,9,8,5121,84747,SAT,1.5946,148,148,98,99,49,50,0.67,0.66,0.67,0.70,0.70,0.70,0.4199134199134199
openSSL_3_600,2753,3,600,6 states,20 symbols,6129,11,0,1558,860.7036,6,5,11118,157563,SAT,1.8236,2400.0,2400.0,1027.0,2247.0,153.0,1373.0,0.87,0.43,0.94,0.6,0.7,0.7,0.680952380952381,100.0,0.0,,6,5,11118,157563,SAT,0.8989,2400,2400,1035,2238,162,1365,0.86,0.43,0.93,0.60,0.70,0.70,0.680952380952381
openSSL_9_18,8768,9,18,6 states,20 symbols,153,15,6,76,0.1945,7,6,2940,40284,SAT,0.3565,112.0,112.0,45.0,92.0,20.0,67.0,0.69,0.4,0.82,0.5,0.6,0.6,0.3809523809523809,71.43,0.0,,7,6,2940,40284,SAT,0.3890,112,112,69,74,38,43,0.64,0.62,0.66,0.60,0.60,0.60,0.38095238095238093
openSSL_4_4,6940,4,4,6 states,20 symbols,153,15,6,76,0.1989,7,6,2940,40284,SAT,0.3686,112.0,112.0,112.0,68.0,44.0,0.0,0.72,1.0,0.61,0.8,0.8,0.8,0.5,71.43,0.0,,7,6,2940,40284,SAT,0.3947,112,112,77,74,38,35,0.67,0.69,0.66,0.70,0.70,0.70,0.38095238095238093
openSSL_3_37,6240,3,37,6 states,20 symbols,259,16,6,128,0.6942,8,7,4168,64001,SAT,0.5757,148.0,148.0,148.0,87.0,61.0,0.0,0.71,1.0,0.59,0.8,0.8,0.8,0.3979591836734694,72.73,0.0,,8,7,4168,64001,SAT,0.6076,148,148,148,74,74,0,0.67,1.00,0.50,0.80,0.80,0.80,0.33163265306122447
openSSL_8_2400,8312,8,2400,6 states,20 symbols,23146,11,0,6447,5901.4716,6,5,40452,587795,SAT,2.667,9600.0,9600.0,9600.0,8348.0,1252.0,0.0,0.88,1.0,0.87,0.9,0.9,0.9,0.8119047619047619,100.0,0.0,,,,,,,,,,,,,,,,,,,,
openSSL_1_150,9292,1,150,6 states,20 symbols,1506,10,0,662,9.0906,6,5,5742,78643,SAT,0.493,600.0,600.0,232.0,568.0,32.0,368.0,0.88,0.39,0.95,0.5,0.7,0.7,0.8119047619047619,100.0,0.0,,6,5,5742,78643,SAT,0.5153,600,600,328,595,5,272,0.98,0.55,0.99,0.70,0.80,0.80,0.838095238095238
openSSL_6_75,9758,6,75,6 states,20 symbols,691,22,5,331,11.5935,11,10,9581,200414,SAT,15.0018,300.0,300.0,116.0,243.0,57.0,184.0,0.67,0.39,0.81,0.5,0.6,0.6,0.2857142857142857,81.48,0.0,,11,10,9581,200414,SAT,19.2684,300,300,300,139,161,0,0.65,1.00,0.46,0.80,0.70,0.70,0.2857142857142857
openSSL_5_1200,1890,5,1200,6 states,20 symbols,11918,11,0,3148,1345.2894,6,5,20658,297483,SAT,4.4477,4800.0,4800.0,1734.0,4677.0,123.0,3066.0,0.93,0.36,0.97,0.5,0.7,0.7,0.7857142857142857,100.0,0.0,,,,,,,,,,,,,,,,,,,,
openSSL_5_75,3796,5,75,6 states,20 symbols,676,21,3,323,7.5474,10,9,8140,158121,SAT,6.1376,300.0,300.0,115.0,253.0,47.0,185.0,0.71,0.38,0.84,0.5,0.6,0.6,0.2579365079365079,87.5,0.0,,10,9,8140,158121,SAT,5.6320,300,300,178,250,50,122,0.78,0.59,0.83,0.70,0.70,0.70,0.3968253968253968
openSSL_5_600,6634,5,600,6 states,20 symbols,6173,11,0,1847,742.4927,6,5,12852,182995,SAT,2.2381,2400.0,2400.0,1012.0,2314.0,86.0,1388.0,0.92,0.42,0.96,0.6,0.7,0.7,0.7595238095238095,100.0,0.0,,6,5,12852,182995,SAT,0.9675,2400,2400,1031,2297,103,1369,0.91,0.43,0.96,0.60,0.70,0.70,0.7595238095238095
openSSL_4_18,6940,4,18,6 states,20 symbols,153,15,6,76,0.1955,7,6,2940,40284,SAT,0.3649,112.0,112.0,112.0,68.0,44.0,0.0,0.72,1.0,0.61,0.8,0.8,0.8,0.5238095238095238,71.43,0.0,,7,6,2940,40284,SAT,0.3675,112,112,77,74,38,35,0.67,0.69,0.66,0.70,0.70,0.70,0.38095238095238093
openSSL_7_2400,662,7,2400,6 states,20 symbols,23121,11,0,10852,5089.286,6,5,66882,975435,SAT,7.7948,9600.0,9600.0,2977.0,9461.0,139.0,6623.0,0.96,0.31,0.99,0.5,0.6,0.6,0.8119047619047619,100.0,0.0,,,,,,,,,,,,,,,,,,,,
openSSL_2_1200,7810,2,1200,6 states,20 symbols,11884,11,0,3322,1286.2243,6,5,21702,312795,SAT,4.5094,4800.0,4800.0,1739.0,4643.0,157.0,3061.0,0.92,0.36,0.97,0.5,0.7,0.7,0.7595238095238095,100.0,0.0,,,,,,,,,,,,,,,,,,,,
openSSL_2_150,180,2,150,6 states,20 symbols,1482,10,0,655,9.4728,6,5,5700,78027,SAT,0.4955,600.0,600.0,205.0,599.0,1.0,395.0,1.0,0.34,1.0,0.5,0.7,0.7,0.838095238095238,100.0,0.0,,6,5,5700,78027,SAT,0.5347,600,600,342,595,5,258,0.99,0.57,0.99,0.70,0.80,0.80,0.838095238095238
openSSL_6_18,9758,6,18,6 states,20 symbols,153,15,6,76,0.1949,7,6,2940,40284,SAT,0.6084,112.0,112.0,112.0,59.0,53.0,0.0,0.68,1.0,0.53,0.8,0.8,0.8,0.5476190476190477,71.43,0.0,,7,6,2940,40284,SAT,0.3751,112,112,73,73,39,39,0.65,0.65,0.65,0.70,0.70,0.70,0.38095238095238093
openSSL_5_0,3796,5,0,6 states,20 symbols,153,15,6,76,0.1959,7,6,2940,40284,SAT,0.3568,112.0,112.0,112.0,72.0,40.0,0.0,0.74,1.0,0.64,0.8,0.8,0.8,0.5,71.43,0.0,,7,6,2940,40284,SAT,0.3838,112,112,73,71,41,39,0.64,0.65,0.63,0.60,0.60,0.60,0.38095238095238093
openSSL_8_4,7727,8,4,6 states,20 symbols,153,15,6,76,0.1977,7,6,2940,40284,SAT,0.3642,112.0,112.0,49.0,89.0,23.0,63.0,0.68,0.44,0.79,0.5,0.6,0.6,0.4047619047619047,71.43,0.0,,7,6,2940,40284,SAT,0.3647,112,112,70,70,42,42,0.62,0.62,0.62,0.60,0.60,0.60,0.38095238095238093
openSSL_9_1200,7229,9,1200,6 states,20 symbols,11873,11,0,5627,1036.0586,6,5,35532,515635,SAT,5.4292,4800.0,4800.0,1742.0,4635.0,165.0,3058.0,0.91,0.36,0.97,0.5,0.7,0.7,0.7595238095238095,100.0,0.0,,,,,,,,,,,,,,,,,,,,
openSSL_2_300,6118,2,300,6 states,20 symbols,3086,11,0,908,183.9788,6,5,7218,100363,SAT,1.2809,1200.0,1200.0,593.0,1038.0,162.0,607.0,0.79,0.49,0.86,0.6,0.7,0.7,0.6547619047619048,100.0,0.0,,6,5,7218,100363,SAT,0.5898,1200,1200,595,1033,167,605,0.78,0.50,0.86,0.60,0.70,0.70,0.6547619047619048
openSSL_1_1200,858,1,1200,6 states,20 symbols,11914,11,0,3016,1108.4645,6,5,19866,285867,SAT,4.7967,4800.0,4800.0,1753.0,4651.0,149.0,3047.0,0.92,0.37,0.97,0.5,0.7,0.7,0.7595238095238095,100.0,0.0,,,,,,,,,,,,,,,,,,,,
openSSL_4_9,6940,4,9,6 states,20 symbols,153,15,6,76,0.1959,7,6,2940,40284,SAT,0.3515,112.0,112.0,112.0,68.0,44.0,0.0,0.72,1.0,0.61,0.8,0.8,0.8,0.5301974448315911,71.43,0.0,,7,6,2940,40284,SAT,0.3880,112,112,77,74,38,35,0.67,0.69,0.66,0.70,0.70,0.70,0.38095238095238093
openSSL_7_18,312,7,18,6 states,20 symbols,153,15,6,76,0.2009,7,6,2940,40284,SAT,0.3486,112.0,112.0,112.0,63.0,49.0,0.0,0.7,1.0,0.56,0.8,0.8,0.8,0.5301974448315911,71.43,0.0,,7,6,2940,40284,SAT,0.3938,112,112,68,80,32,44,0.68,0.61,0.71,0.60,0.70,0.70,0.38095238095238093
openSSL_1_0,9292,1,0,6 states,20 symbols,153,15,6,76,0.1951,7,6,2940,40284,SAT,0.3779,112.0,112.0,49.0,91.0,21.0,63.0,0.7,0.44,0.81,0.5,0.6,0.6,0.4047619047619047,71.43,0.0,,7,6,2940,40284,SAT,0.4065,112,112,74,83,29,38,0.72,0.66,0.74,0.70,0.70,0.70,0.38095238095238093
openSSL_7_300,2395,7,300,6 states,20 symbols,3107,11,0,864,199.0765,6,5,6954,96491,SAT,0.843,1200.0,1200.0,588.0,1038.0,162.0,612.0,0.78,0.49,0.86,0.6,0.7,0.7,0.6547619047619048,100.0,0.0,,6,5,6954,96491,SAT,0.5317,1200,1200,589,1034,166,611,0.78,0.49,0.86,0.60,0.70,0.70,0.6547619047619048
openSSL_0_150,5989,0,150,6 states,20 symbols,1504,10,0,658,10.8871,6,5,5718,78291,SAT,0.4917,600.0,600.0,242.0,599.0,1.0,358.0,1.0,0.4,1.0,0.6,0.7,0.7,0.838095238095238,100.0,0.0,,6,5,5718,78291,SAT,0.5049,600,600,331,600,0,269,1.00,0.55,1.00,0.70,0.80,0.80,0.8642857142857143
openSSL_0_600,866,0,600,6 states,20 symbols,6102,11,0,1731,611.1006,6,5,12156,172787,SAT,2.1209,2400.0,2400.0,1008.0,2249.0,151.0,1392.0,0.87,0.42,0.94,0.6,0.7,0.7,0.680952380952381,100.0,0.0,,6,5,12156,172787,SAT,1.0999,2400,2400,1020,2225,175,1380,0.85,0.42,0.93,0.60,0.70,0.70,0.680952380952381
openSSL_2_37,180,2,37,6 states,20 symbols,258,17,8,117,1.0383,8,7,4080,62658,SAT,0.5993,148.0,148.0,148.0,78.0,70.0,0.0,0.68,1.0,0.53,0.8,0.8,0.8,0.3758503401360544,68.0,0.0,,8,7,4080,62658,SAT,0.6371,148,148,90,91,57,58,0.61,0.61,0.61,0.60,0.60,0.60,0.3979591836734694
openSSL_8_150,7727,8,150,6 states,20 symbols,1499,11,1,410,12.9173,6,5,4230,56611,SAT,0.3737,600.0,600.0,230.0,570.0,30.0,370.0,0.88,0.38,0.95,0.5,0.7,0.7,0.8119047619047619,91.67,0.0,,6,5,4230,56611,SAT,0.4357,600,600,327,555,45,273,0.88,0.55,0.93,0.70,0.70,0.70,0.8119047619047619
openSSL_4_37,6940,4,37,6 states,20 symbols,259,19,6,128,0.9567,9,8,5130,85432,SAT,1.268,148.0,148.0,69.0,107.0,41.0,79.0,0.63,0.47,0.72,0.5,0.6,0.6,0.2708333333333333,76.0,0.0,,9,8,5130,85432,SAT,1.2908,148,148,99,97,51,49,0.66,0.67,0.66,0.70,0.70,0.70,0.27083333333333337
openSSL_3_300,2753,3,300,6 states,20 symbols,3108,11,0,915,212.379,6,5,7260,100979,SAT,1.1645,1200.0,1200.0,586.0,1117.0,83.0,614.0,0.88,0.49,0.93,0.6,0.7,0.7,0.680952380952381,100.0,0.0,,6,5,7260,100979,SAT,0.5962,1200,1200,597,1108,92,603,0.87,0.50,0.92,0.60,0.70,0.70,0.680952380952381
openSSL_2_0,180,2,0,6 states,20 symbols,153,15,6,76,0.2042,7,6,2940,40284,SAT,0.3729,112.0,112.0,112.0,59.0,53.0,0.0,0.68,1.0,0.53,0.8,0.8,0.8,0.4819976771196283,71.43,0.0,,7,6,2940,40284,SAT,0.4661,112,112,69,68,44,43,0.61,0.62,0.61,0.60,0.60,0.60,0.38095238095238093
openSSL_6_0,9758,6,0,6 states,20 symbols,153,15,6,76,0.1949,7,6,2940,40284,SAT,0.6231,112.0,112.0,112.0,59.0,53.0,0.0,0.68,1.0,0.53,0.8,0.8,0.8,0.4523809523809524,71.43,0.0,,7,6,2940,40284,SAT,0.4063,112,112,73,73,39,39,0.65,0.65,0.65,0.70,0.70,0.70,0.38095238095238093
openSSL_4_600,979,4,600,6 states,20 symbols,6119,11,0,1628,839.2162,6,5,11538,163723,SAT,1.9748,2400.0,2400.0,1023.0,2309.0,91.0,1377.0,0.92,0.43,0.96,0.6,0.7,0.7,0.7595238095238095,100.0,0.0,,6,5,11538,163723,SAT,0.7690,2400,2400,1028,2300,100,1372,0.91,0.43,0.96,0.60,0.70,0.70,0.7595238095238095
openSSL_8_37,7727,8,37,6 states,20 symbols,252,18,11,126,0.7974,9,8,5112,85682,SAT,1.3729,148.0,148.0,59.0,125.0,23.0,89.0,0.72,0.4,0.84,0.5,0.6,0.6,0.1875,62.07,0.0,,9,8,5112,85682,SAT,1.2950,148,148,88,95,53,60,0.62,0.59,0.64,0.60,0.60,0.60,0.3125
openSSL_9_300,8960,9,300,6 states,20 symbols,3068,10,0,1294,133.1186,6,5,9534,134259,SAT,1.5156,1200.0,1200.0,581.0,1132.0,68.0,619.0,0.9,0.48,0.94,0.6,0.7,0.7,0.7333333333333334,100.0,0.0,,6,5,9534,134259,SAT,0.6954,1200,1200,594,1112,88,606,0.87,0.49,0.93,0.60,0.70,0.70,0.7333333333333334
openSSL_9_150,8768,9,150,6 states,20 symbols,1481,11,0,477,12.288,6,5,4632,62435,SAT,0.4321,600.0,600.0,235.0,563.0,37.0,365.0,0.86,0.39,0.94,0.5,0.7,0.7,0.7595238095238095,100.0,0.0,,6,5,4632,62435,SAT,0.4375,600,600,341,539,61,259,0.85,0.57,0.90,0.70,0.70,0.70,0.7595238095238095
openSSL_2_18,180,2,18,6 states,20 symbols,153,15,6,76,0.2012,7,6,2940,40284,SAT,0.3588,112.0,112.0,42.0,85.0,27.0,70.0,0.61,0.38,0.76,0.5,0.6,0.6,0.3855981416957026,71.43,0.0,,7,6,2940,40284,SAT,0.3975,112,112,69,68,44,43,0.61,0.62,0.61,0.60,0.60,0.60,0.38095238095238093
openSSL_4_75,6940,4,75,6 states,20 symbols,693,21,6,334,9.9395,11,10,9614,201308,SAT,23.8673,300.0,300.0,300.0,180.0,120.0,0.0,0.71,1.0,0.6,0.8,0.8,0.8,0.2095238095238095,77.78,0.0,,11,10,9614,201308,SAT,25.2444,300,300,300,157,143,0,0.68,1.00,0.52,0.80,0.80,0.80,0.20952380952380953
openSSL_0_1200,5878,0,1200,6 states,20 symbols,11980,11,0,3221,1096.5409,7,6,24955,416704,SAT,5.5893,4800.0,4800.0,345.0,4800.0,0.0,4455.0,1.0,0.07,1.0,0.1,0.5,0.5,0.7857142857142857,100.0,0.0,,,,,,,,,,,,,,,,,,,,
openSSL_4_2400,3121,4,2400,6 states,20 symbols,23162,11,0,10750,4700.7378,7,6,77658,1320184,SAT,8.3093,9600.0,9600.0,9600.0,9600.0,0.0,0.0,1.0,1.0,1.0,1.0,1.0,1.0,0.9398954703832751,100.0,0.0,,,,,,,,,,,,,,,,,,,,
openSSL_1_600,6583,1,600,6 states,20 symbols,6094,11,0,3019,728.5989,6,5,19884,286131,SAT,4.2215,2400.0,2400.0,2400.0,2400.0,0.0,0.0,1.0,1.0,1.0,1.0,1.0,1.0,0.8904761904761904,100.0,0.0,,6,5,19884,286131,SAT,2.0761,2400,2400,2400,2400,0,0,1.00,1.00,1.00,1.00,1.00,1.00,0.8904761904761904
openSSL_8_18,7727,8,18,6 states,20 symbols,153,15,6,76,0.1988,7,6,2940,40284,SAT,0.3665,112.0,112.0,112.0,61.0,51.0,0.0,0.69,1.0,0.54,0.8,0.8,0.8,0.5,71.43,0.0,,7,6,2940,40284,SAT,0.3846,112,112,70,70,42,42,0.62,0.62,0.62,0.60,0.60,0.60,0.38095238095238093
openSSL_5_150,3796,5,150,6 states,20 symbols,1486,10,0,632,9.2468,6,5,5562,76003,SAT,0.6047,600.0,600.0,226.0,567.0,33.0,374.0,0.87,0.38,0.94,0.5,0.7,0.7,0.6285714285714286,100.0,0.0,,6,5,5562,76003,SAT,0.4411,600,600,330,501,99,270,0.77,0.55,0.83,0.60,0.70,0.70,0.6285714285714286
openSSL_1_300,6583,1,300,6 states,20 symbols,3097,11,0,953,110.8793,6,5,7488,104323,SAT,0.5598,1200.0,1200.0,591.0,1122.0,78.0,609.0,0.88,0.49,0.94,0.6,0.7,0.7,0.7071428571428572,100.0,0.0,,6,5,7488,104323,SAT,0.5662,1200,1200,592,1115,85,608,0.87,0.49,0.93,0.60,0.70,0.70,0.7071428571428572
openSSL_9_75,8768,9,75,6 states,20 symbols,677,27,2,335,11.7109,11,10,9625,202090,SAT,18.4179,300.0,300.0,300.0,162.0,138.0,0.0,0.68,1.0,0.54,0.8,0.8,0.8,0.2666666666666666,93.1,0.0,,11,10,9625,202090,SAT,28.0018,300,300,300,143,157,0,0.66,1.00,0.48,0.80,0.70,0.70,0.20952380952380953
openSSL_7_1200,662,7,1200,6 states,20 symbols,11886,11,0,3202,1161.1417,6,5,20982,302235,SAT,4.4524,4800.0,4800.0,1752.0,4686.0,114.0,3048.0,0.94,0.36,0.98,0.5,0.7,0.7,0.7857142857142857,100.0,0.0,,,,,,,,,,,,,,,,,,,,
openSSL_7_600,2395,7,600,6 states,20 symbols,6144,11,0,1752,895.158,6,5,12282,174635,SAT,1.7243,2400.0,2400.0,1016.0,2255.0,145.0,1384.0,0.88,0.42,0.94,0.6,0.7,0.7,0.7071428571428572,100.0,0.0,,6,5,12282,174635,SAT,1.1300,2400,2400,1017,2233,167,1383,0.86,0.42,0.93,0.60,0.70,0.70,0.7071428571428572
openSSL_3_150,6240,3,150,6 states,20 symbols,1511,10,0,645,8.5298,6,5,5640,77147,SAT,3.8859,600.0,600.0,222.0,600.0,0.0,378.0,1.0,0.37,1.0,0.5,0.7,0.7,0.8642857142857143,100.0,0.0,,6,5,5640,77147,SAT,0.5236,600,600,324,592,8,276,0.98,0.54,0.99,0.70,0.80,0.80,0.838095238095238
openSSL_8_9,7727,8,9,6 states,20 symbols,153,15,6,76,0.1958,7,6,2940,40284,SAT,0.3624,112.0,112.0,49.0,89.0,23.0,63.0,0.68,0.44,0.79,0.5,0.6,0.6,0.4047619047619047,71.43,0.0,,7,6,2940,40284,SAT,0.4467,112,112,70,70,42,42,0.62,0.62,0.62,0.60,0.60,0.60,0.38095238095238093
openSSL_5_18,3796,5,18,6 states,20 symbols,153,15,6,76,0.1981,7,6,2940,40284,SAT,0.3638,112.0,112.0,112.0,72.0,40.0,0.0,0.74,1.0,0.64,0.8,0.8,0.8,0.5,71.43,0.0,,7,6,2940,40284,SAT,0.4447,112,112,73,71,41,39,0.64,0.65,0.63,0.60,0.60,0.60,0.38095238095238093
openSSL_3_1200,2163,3,1200,6 states,20 symbols,11949,11,0,3306,1148.0801,6,5,21606,311387,SAT,4.5902,4800.0,4800.0,1747.0,4627.0,173.0,3053.0,0.91,0.36,0.96,0.5,0.7,0.7,0.7595238095238095,100.0,0.0,,,,,,,,,,,,,,,,,,,,
openSSL_8_300,8082,8,300,6 states,20 symbols,3025,11,0,877,173.5354,6,5,7032,97635,SAT,0.7798,1200.0,1200.0,588.0,1200.0,0.0,612.0,1.0,0.49,1.0,0.7,0.7,0.7,0.8642857142857143,100.0,0.0,,6,5,7032,97635,SAT,0.7906,1200,1200,1200,1049,151,0,0.89,1.00,0.87,0.90,0.90,0.90,0.8642857142857143
openSSL_4_300,979,4,300,6 states,20 symbols,3072,10,0,1376,122.5456,6,5,10026,141475,SAT,1.7745,1200.0,1200.0,579.0,1113.0,87.0,621.0,0.87,0.48,0.93,0.6,0.7,0.7,0.680952380952381,100.0,0.0,,6,5,10026,141475,SAT,0.8578,1200,1200,597,1109,91,603,0.87,0.50,0.92,0.60,0.70,0.70,0.680952380952381
openSSL_2_2400,7810,2,2400,6 states,20 symbols,23153,11,0,6531,5036.737,7,6,48125,813904,SAT,7.4309,9600.0,9600.0,1529.0,9349.0,251.0,8071.0,0.86,0.16,0.97,0.3,0.6,0.6,0.7857142857142857,100.0,0.0,,,,,,,,,,,,,,,,,,,,
openSSL_7_37,312,7,37,6 states,20 symbols,256,11,7,128,0.4235,8,7,4168,63489,SAT,0.5964,148.0,148.0,148.0,83.0,65.0,0.0,0.69,1.0,0.56,0.8,0.8,0.8,0.3537414965986394,61.11,0.0,,8,7,4168,63489,SAT,0.6079,148,148,148,78,70,0,0.68,1.00,0.53,0.80,0.80,0.80,0.3537414965986394
openSSL_7_75,312,7,75,6 states,20 symbols,693,29,5,330,16.8176,12,10,9570,201810,UNSAT,52.7,,,,,,,,-1.0,-1.0,-1.0,,-1.0,-1.0,85.29,0.0,,12,10,9570,201810,UNSAT,49.4336,,,,,,,,,,,,,
openSSL_0_75,5989,0,75,6 states,20 symbols,693,19,4,342,9.2136,9,8,7056,127694,SAT,1.8023,300.0,300.0,122.0,274.0,26.0,178.0,0.82,0.41,0.91,0.5,0.7,0.7,0.5208333333333334,82.61,0.0,,9,8,7056,127694,SAT,1.8003,300,300,175,277,23,125,0.88,0.58,0.92,0.70,0.80,0.80,0.5208333333333334
openSSL_6_9,9758,6,9,6 states,20 symbols,153,15,6,76,0.1958,7,6,2940,40284,SAT,0.3719,112.0,112.0,53.0,86.0,26.0,59.0,0.67,0.47,0.77,0.6,0.6,0.6,0.3809523809523809,71.43,0.0,,7,6,2940,40284,SAT,0.3873,112,112,73,73,39,39,0.65,0.65,0.65,0.70,0.70,0.70,0.38095238095238093
openSSL_0_0,5989,0,0,6 states,20 symbols,153,15,6,76,0.1976,7,6,2940,40284,SAT,0.3691,112.0,112.0,112.0,58.0,54.0,0.0,0.67,1.0,0.52,0.8,0.8,0.8,0.4523809523809524,71.43,0.0,,7,6,2940,40284,SAT,0.3909,112,112,68,67,45,44,0.60,0.61,0.60,0.60,0.60,0.60,0.38095238095238093
openSSL_7_150,312,7,150,6 states,20 symbols,1516,10,0,663,10.6177,6,5,5748,78731,SAT,0.4465,600.0,600.0,224.0,593.0,7.0,376.0,0.97,0.37,0.99,0.5,0.7,0.7,0.6285714285714286,100.0,0.0,,6,5,5748,78731,SAT,0.5216,600,600,336,539,61,264,0.85,0.56,0.90,0.70,0.70,0.70,0.6285714285714286
openSSL_5_4,3796,5,4,6 states,20 symbols,153,15,6,76,0.1959,7,6,2940,40284,SAT,0.3712,112.0,112.0,57.0,95.0,17.0,55.0,0.77,0.51,0.85,0.6,0.7,0.7,0.4047619047619047,71.43,0.0,,7,6,2940,40284,SAT,0.3707,112,112,73,71,41,39,0.64,0.65,0.63,0.60,0.60,0.60,0.38095238095238093
openSSL_6_1200,8807,6,1200,6 states,20 symbols,11907,11,0,5731,1216.1593,6,5,36156,524787,SAT,7.0221,4800.0,4800.0,4800.0,4800.0,0.0,0.0,1.0,1.0,1.0,1.0,1.0,1.0,0.8904761904761904,100.0,0.0,,,,,,,,,,,,,,,,,,,,
openSSL_1_2400,858,1,2400,6 states,20 symbols,23169,11,0,6481,5302.2033,6,5,40656,590787,SAT,5.7806,9600.0,9600.0,2974.0,9429.0,171.0,6626.0,0.95,0.31,0.98,0.5,0.6,0.6,0.7857142857142857,100.0,0.0,,,,,,,,,,,,,,,,,,,,
openSSL_9_4,8768,9,4,6 states,20 symbols,153,15,6,76,0.1952,7,6,2940,40284,SAT,0.3701,112.0,112.0,112.0,64.0,48.0,0.0,0.7,1.0,0.57,0.8,0.8,0.8,0.5,71.43,0.0,,7,6,2940,40284,SAT,0.5047,112,112,69,74,38,43,0.64,0.62,0.66,0.60,0.60,0.60,0.38095238095238093
openSSL_0_9,5989,0,9,6 states,20 symbols,153,15,6,76,0.1988,7,6,2940,40284,SAT,0.3779,112.0,112.0,112.0,58.0,54.0,0.0,0.67,1.0,0.52,0.8,0.8,0.8,0.5,71.43,0.0,,7,6,2940,40284,SAT,0.3864,112,112,68,67,45,44,0.60,0.61,0.60,0.60,0.60,0.60,0.38095238095238093
openSSL_5_300,6634,5,300,6 states,20 symbols,3092,11,0,879,158.5496,6,5,7044,97811,SAT,0.6529,1200.0,1200.0,601.0,1157.0,43.0,599.0,0.93,0.5,0.96,0.7,0.7,0.7,0.7595238095238095,100.0,0.0,,6,5,7044,97811,SAT,0.5481,1200,1200,594,1148,52,606,0.92,0.49,0.96,0.60,0.70,0.70,0.7595238095238095
openSSL_9_2400,7229,9,2400,6 states,20 symbols,23155,11,0,10798,4909.1463,6,5,66558,970683,SAT,7.8605,9600.0,9600.0,2972.0,9476.0,124.0,6628.0,0.96,0.31,0.99,0.5,0.6,0.6,0.8119047619047619,100.0,0.0,,,,,,,,,,,,,,,,,,,,
openSSL_4_150,6940,4,150,6 states,20 symbols,1511,10,0,579,11.062,6,5,5244,71339,SAT,0.4235,600.0,600.0,227.0,594.0,6.0,373.0,0.97,0.38,0.99,0.5,0.7,0.7,0.6547619047619048,100.0,0.0,,6,5,5244,71339,SAT,0.4603,600,600,340,548,52,260,0.87,0.57,0.91,0.70,0.70,0.70,0.6547619047619048
openSSL_0_37,5989,0,37,6 states,20 symbols,258,12,15,124,0.8232,10,9,6150,109767,SAT,9.4419,148.0,148.0,65.0,112.0,36.0,83.0,0.64,0.44,0.76,0.5,0.6,0.6,0.2777777777777778,44.44,0.0,,10,9,6150,109767,SAT,10.4684,148,148,91,89,59,57,0.61,0.61,0.60,0.60,0.60,0.60,0.2777777777777778
